{
    "c2dictionary": true,
    "data": {
        "carta1": "https://image.flaticon.com/icons/png/256/5020/5020347.png",
        "carta2": "https://image.flaticon.com/icons/png/256/5020/5020347.png",
        "carta3": "https://image.flaticon.com/icons/png/256/5020/5020356.png",
        "carta4": "https://image.flaticon.com/icons/png/256/5020/5020356.png",
        "carta5": "https://image.flaticon.com/icons/png/256/5020/5020364.png",
        "carta6": "https://image.flaticon.com/icons/png/256/5020/5020364.png",
        "carta7": "https://image.flaticon.com/icons/png/256/5020/5020373.png",
        "carta8": "https://image.flaticon.com/icons/png/256/5020/5020373.png",
        "carta9": "https://image.flaticon.com/icons/png/256/5020/5020381.png",
        "carta10": "https://image.flaticon.com/icons/png/256/5020/5020381.png",
        "carta11": "https://image.flaticon.com/icons/png/256/5020/5020412.png",
        "carta12": "https://image.flaticon.com/icons/png/256/5020/5020412.png",
        "carta13": "https://image.flaticon.com/icons/png/256/5020/5020430.png",
        "carta14": "https://image.flaticon.com/icons/png/256/5020/5020430.png",
        "carta15": "https://image.flaticon.com/icons/png/256/5020/5020442.png",
        "carta16": "https://image.flaticon.com/icons/png/256/5020/5020442.png",
        "carta17": "https://image.flaticon.com/icons/png/256/5020/5020462.png",
        "carta18": "https://image.flaticon.com/icons/png/256/5020/5020462.png",
        "carta19": "https://image.flaticon.com/icons/png/256/5020/5020483.png",
        "carta20": "https://image.flaticon.com/icons/png/256/5020/5020483.png",
        "carta21": "https://image.flaticon.com/icons/png/256/5020/5020501.png",
        "carta22": "https://image.flaticon.com/icons/png/256/5020/5020501.png",
        "carta23": "https://image.flaticon.com/icons/png/256/5020/5020522.png",
        "carta24": "https://image.flaticon.com/icons/png/256/5020/5020522.png",
        "carta25": "https://image.flaticon.com/icons/png/256/5020/5020539.png",
        "carta26": "https://image.flaticon.com/icons/png/256/5020/5020539.png",
        "carta27": "https://image.flaticon.com/icons/png/256/5020/5020556.png",
        "carta28": "https://image.flaticon.com/icons/png/256/5020/5020556.png",
        "carta29": "https://image.flaticon.com/icons/png/256/5020/5020576.png",
        "carta30": "https://image.flaticon.com/icons/png/256/5020/5020576.png",
        "carta31": "https://image.flaticon.com/icons/png/256/5020/5020596.png",
        "carta32": "https://image.flaticon.com/icons/png/256/5020/5020596.png",
        "carta33": "https://image.flaticon.com/icons/png/256/5020/5020615.png",
        "carta34": "https://image.flaticon.com/icons/png/256/5020/5020615.png",
        "carta35": "https://image.flaticon.com/icons/png/256/5020/5020634.png",
        "carta36": "https://image.flaticon.com/icons/png/256/5020/5020634.png",
        "carta37": "https://image.flaticon.com/icons/png/256/5020/5020654.png",
        "carta38": "https://image.flaticon.com/icons/png/256/5020/5020654.png",
        "carta39": "https://image.flaticon.com/icons/png/256/5020/5020674.png",
        "carta40": "https://image.flaticon.com/icons/png/256/5020/5020674.png",
        "carta41": "https://image.flaticon.com/icons/png/256/5020/5020690.png",
        "carta42": "https://image.flaticon.com/icons/png/256/5020/5020690.png",
        "carta43": "https://image.flaticon.com/icons/png/256/5020/5020708.png",
        "carta44": "https://image.flaticon.com/icons/png/256/5020/5020708.png",
        "carta45": "https://image.flaticon.com/icons/png/256/5020/5020727.png",
        "carta46": "https://image.flaticon.com/icons/png/256/5020/5020727.png",
        "carta47": "https://image.flaticon.com/icons/png/256/5020/5020748.png",
        "carta48": "https://image.flaticon.com/icons/png/256/5020/5020748.png",
        "carta49": "https://image.flaticon.com/icons/png/256/5020/5020768.png",
        "carta50": "https://image.flaticon.com/icons/png/256/5020/5020768.png"
    }
}